INSERT INTO CLIENTE (CPF, NOME, UF) VALUES ('111','João','MG');
INSERT INTO CLIENTE (CPF, NOME, UF) VALUES ('222','Jeane','SP');
INSERT INTO CLIENTE (CPF, NOME, UF) VALUES ('333','Joaquim','MG');
INSERT INTO CLIENTE (CPF, NOME, UF) VALUES ('444','Jane','SP');
INSERT INTO CLIENTE (CPF, NOME, UF) VALUES ('555','Jonas','RJ');

INSERT INTO PRODUTO (CODIGO, NOME, PRECO, CATEGORIA, ATIVO) VALUES ('111','P1',10,'Alimento', true);
INSERT INTO PRODUTO (CODIGO, NOME, PRECO, CATEGORIA, ATIVO) VALUES ('222','P2',20,'Limpeza', true);
INSERT INTO PRODUTO (CODIGO, NOME, PRECO, CATEGORIA, ATIVO) VALUES ('333','P3',15,'Açougue', true);
INSERT INTO PRODUTO (CODIGO, NOME, PRECO, CATEGORIA, ATIVO) VALUES ('444','P4',5,'Limpeza', false);
INSERT INTO PRODUTO (CODIGO, NOME, PRECO, CATEGORIA, ATIVO) VALUES ('555','P5',10,'Alimento', false);
INSERT INTO PRODUTO (CODIGO, NOME, PRECO, CATEGORIA) VALUES ('666','P6',20,'Higiene');

INSERT INTO PEDIDO (CODIGO, CPF, DATA, STATUS) VALUES (1,'222','01/06/2023','N');
INSERT INTO PEDIDO (CODIGO, CPF, DATA, STATUS) VALUES (2,'222','02/06/2023','A');
INSERT INTO PEDIDO (CODIGO, CPF, DATA, STATUS) VALUES (3,'444','03/06/2023','P');
INSERT INTO PEDIDO (CODIGO, CPF, DATA, STATUS) VALUES (4,'555','04/06/2023','F');
INSERT INTO PEDIDO (CODIGO, CPF, DATA, STATUS) VALUES (5,'222','05/06/2023','E');

INSERT INTO ITEMPEDIDO (PEDIDO, PRODUTO, QUANTIDADE) VALUES (1,'111',5);
INSERT INTO ITEMPEDIDO (PEDIDO, PRODUTO, QUANTIDADE) VALUES (1,'222',3);
INSERT INTO ITEMPEDIDO (PEDIDO, PRODUTO, QUANTIDADE) VALUES (2,'333',1);
INSERT INTO ITEMPEDIDO (PEDIDO, PRODUTO, QUANTIDADE) VALUES (3,'444',5);
INSERT INTO ITEMPEDIDO (PEDIDO, PRODUTO, QUANTIDADE) VALUES (3,'555',3);
INSERT INTO ITEMPEDIDO (PEDIDO, PRODUTO, QUANTIDADE) VALUES (3,'111',1);
INSERT INTO ITEMPEDIDO (PEDIDO, PRODUTO, QUANTIDADE) VALUES (4,'222',5);

