
INSERT INTO aluno (nome,email,telefone) VALUES ('A1','a1@email.com',9999-1111);
INSERT INTO aluno (nome,email,telefone) VALUES ('A2','a2@email.com',9999-2222);
INSERT INTO aluno (nome,email,telefone) VALUES ('A3','a3@email.com',9999-3333);
INSERT INTO aluno (nome,email,telefone) VALUES ('A4','a4@email.com',9999-4444);
INSERT INTO aluno (nome,email,telefone) VALUES ('A5','a5@email.com',9999-5555);

INSERT INTO curso (codigo,nome,tipo,preco,duracao) VALUES ('C1','Curso 01','T1',100,10);
INSERT INTO curso (codigo,nome,tipo,preco,duracao) VALUES ('C2','Curso 02','T1',200,20);
INSERT INTO curso (codigo,nome,tipo,preco,duracao) VALUES ('C3','Curso 03','T2',300,30);
INSERT INTO curso (codigo,nome,tipo,preco,duracao) VALUES ('C4','Curso 04','T2',400,40);
INSERT INTO curso (codigo,nome,tipo,preco,duracao) VALUES ('C5','Curso 05','T3',500,50);

INSERT INTO professor (registro,nome,telefone) VALUES (1,'Professor 01',8888-1111);
INSERT INTO professor (registro,nome,telefone) VALUES (2,'Professor 02',8888-2222);
INSERT INTO professor (registro,nome,telefone) VALUES (3,'Professor 03',8888-3333);
INSERT INTO professor (registro,nome,telefone) VALUES (4,'Professor 04',8888-4444);
INSERT INTO professor (registro,nome,telefone) VALUES (5,'Professor 05',8888-5555);

INSERT INTO cursa (email,codigo,data_inicio) VALUES ('a1@email.com','C1','2023-06-01');
INSERT INTO cursa (email,codigo,data_inicio) VALUES ('a1@email.com','C2','2023-06-02');
INSERT INTO cursa (email,codigo,data_inicio) VALUES ('a2@email.com','C2','2023-06-03');
INSERT INTO cursa (email,codigo,data_inicio) VALUES ('a2@email.com','C3','2023-06-04');
INSERT INTO cursa (email,codigo,data_inicio) VALUES ('a3@email.com','C3','2023-06-05');
INSERT INTO cursa (email,codigo,data_inicio) VALUES ('a4@email.com','C4','2023-06-06');

INSERT INTO leciona (registro,codigo) VALUES (1,'C1');
INSERT INTO leciona (registro,codigo) VALUES (1,'C4');
INSERT INTO leciona (registro,codigo) VALUES (2,'C2');
INSERT INTO leciona (registro,codigo) VALUES (3,'C3');



